<?xml version="1.0" encoding="UTF-8" standalone="yes"?>
<manifest>
  <control namespace="DNB" constructor="TimeWindowPicker" version="0.0.12" display-name-key="Time Window Picker" description-key="Time Window Picker" control-type="virtual" api-version="1.3.11">
    <external-service-usage enabled="false"/>
    <property name="timeFrom" display-name-key="Time From" description-key="Time From" of-type="DateAndTime.DateAndTime" usage="bound" required="true"/>
    <property name="timeTo" display-name-key="Time To" description-key="Time To" of-type="DateAndTime.DateAndTime" usage="bound" required="true"/>
    <property name="increment" display-name-key="Increament" description-key="increament" of-type="Whole.None" usage="input" required="false" default-value="30"/>
    <property name="hourFormat" display-name-key="Hour Format" description-key="Hour Format" of-type="Enum" usage="input" required="false" default-value="0">
      <value name="24-hour" display-name-key="24-hour">0</value>
      <value name="12-hour" display-name-key="12-hour">1</value>
    </property>
    <property name="isTimeWindowValid" display-name-key="Is Time Window Valid" description-key="Output only property." of-type="TwoOptions" usage="output"/>
    <resources>
      <code path="bundle.js" order="1"/>
      <css path="css/ControlStyle.css" order="1"/>
      <platform-library name="React" version="16.8.6"/>
      <platform-library name="Fluent" version="8.29.0"/>
    </resources>
    <built-by name="pac" version="1.31.2"/>
  </control>
</manifest>